id,name
1,Lela Schmidt
2,Dixie Douglas
3,Jeffrey White
4,Betty Upton
5,Clara Fadel
6,Willie Ruecker
7,Ashley Hodkiewicz
8,Guillermo Borer
9,Cheryl Ferry
10,Stephen Hilll
11,Yvonne Kerluke
12,Bruce Witting
13,Marguerite Deckow
14,Stephen Wyman
15,Kayla Schmidt
16,Kelly Stroman
17,Dawn Cassin
18,Bessie Hagenes
19,Evan Goodwin
20,Hope Christiansen
21,Jacquelyn Berge
22,Clay Hartmann
23,Janis Parker
24,Candice Flatley
25,Charlene Mitchell
26,Delbert Davis
27,Jasmine Kuvalis
28,Vanessa Lemke
29,Bobbie Schulist
30,Candace Jaskolski
31,Christie Larson
32,Danny Schuppe
33,Stella Tromp
34,Maggie Boyle
35,Jerome Kirlin
36,June Leannon
37,Sophie Wiza
38,Deborah Aufderhar
39,Jimmy Buckridge
40,Shaun Pacocha
41,Brandy Kris
42,Robin Reinger
43,Alex Steuber
44,Denise Baumbach
45,Jorge Boehm
46,Shane Simonis
47,Earnest Mertz
48,Betty Smitham
49,Ramon Hane
50,Nathan Hickle
